INSERT INTO sampleDB.address (user_no, addr1, add2, add_detail) VALUES (19, 'EEM', 'TTNXFH', null);
INSERT INTO sampleDB.address (user_no, addr1, add2, add_detail) VALUES (20, 'UPI', 'MPOADU', null);
INSERT INTO sampleDB.address (user_no, addr1, add2, add_detail) VALUES (32, 'GIV', 'PDDBWH', null);
INSERT INTO sampleDB.address (user_no, addr1, add2, add_detail) VALUES (34, 'XAJ', 'IBNJKF', null);
INSERT INTO sampleDB.event_content (event_content_no, user_hash, title, event_desc, event_start, event_end, repeat_kind, path, tags, stat, create_dt, create_no, update_dt, update_no, user_yn) VALUES (1, 'SUZIISAIG', 'SNAATSQSF', 'ZELCHXPHH', '2018-03-13 15:41:50', '2018-03-13 15:41:50', 'M1', 'SHO', 'MLN', 'S2', '2018-03-13 15:41:50', 1269, null, 0, null);
INSERT INTO sampleDB.event_content (event_content_no, user_hash, title, event_desc, event_start, event_end, repeat_kind, path, tags, stat, create_dt, create_no, update_dt, update_no, user_yn) VALUES (2, 'LACPCEPMR', 'KOCMZOPPF', 'MZJJXAXGK', '2018-03-13 15:57:36', '2018-03-13 15:57:36', 'M1', 'LGZ', 'YOM', 'S2', '2018-03-13 15:57:36', 386, null, 0, null);
INSERT INTO sampleDB.event_content (event_content_no, user_hash, title, event_desc, event_start, event_end, repeat_kind, path, tags, stat, create_dt, create_no, update_dt, update_no, user_yn) VALUES (3, 'FHXRYYKXZ', 'CELTQYODD', 'YSVKJRPCO', '2018-03-13 15:58:02', '2018-03-13 15:58:02', 'M1', 'KRW', 'RBW', 'S2', '2018-03-13 15:58:02', 883, null, 0, null);
INSERT INTO sampleDB.event_content (event_content_no, user_hash, title, event_desc, event_start, event_end, repeat_kind, path, tags, stat, create_dt, create_no, update_dt, update_no, user_yn) VALUES (4, 'YQJQGZWKH', 'KHEIWUVVL', 'BGTAZJIXW', '2018-03-13 15:58:42', '2018-03-13 15:58:42', 'M1', 'OTZ', 'FNW', 'S2', '2018-03-13 15:58:42', 1142, null, 0, null);
INSERT INTO sampleDB.event_content (event_content_no, user_hash, title, event_desc, event_start, event_end, repeat_kind, path, tags, stat, create_dt, create_no, update_dt, update_no, user_yn) VALUES (5, 'FCFDHZGVO', 'SAEFVULSQ', 'PTNXCYHCM', '2018-03-13 15:59:40', '2018-03-13 15:59:40', 'M1', 'VFK', 'XNT', 'S2', '2018-03-13 15:59:40', 14, null, 0, null);
INSERT INTO sampleDB.event_content (event_content_no, user_hash, title, event_desc, event_start, event_end, repeat_kind, path, tags, stat, create_dt, create_no, update_dt, update_no, user_yn) VALUES (6, 'RONACICPR', 'GZUQKNMGZ', 'PSFTAPZVE', '2018-03-13 16:00:01', '2018-03-13 16:00:01', 'M1', 'LPW', 'KBN', 'S2', '2018-03-13 16:00:01', 954, null, 0, null);
INSERT INTO sampleDB.event_content (event_content_no, user_hash, title, event_desc, event_start, event_end, repeat_kind, path, tags, stat, create_dt, create_no, update_dt, update_no, user_yn) VALUES (7, 'WZMRENHMF', 'EDYXDAUKJ', 'HDLYBXICO', '2018-03-13 16:00:24', '2018-03-13 16:00:24', 'M1', 'GNF', 'XQY', 'S2', '2018-03-13 16:00:24', 72, null, 0, null);
INSERT INTO sampleDB.event_content (event_content_no, user_hash, title, event_desc, event_start, event_end, repeat_kind, path, tags, stat, create_dt, create_no, update_dt, update_no, user_yn) VALUES (11, 'TORTVYZXG', 'METNOOPFJ', 'OSQFOAJKH', '2018-03-13 17:33:01', '2018-03-13 17:33:01', 'M1', 'DXP', 'SAM', 'S2', '2018-03-13 17:33:01', 1185, null, 0, null);
INSERT INTO sampleDB.event_content (event_content_no, user_hash, title, event_desc, event_start, event_end, repeat_kind, path, tags, stat, create_dt, create_no, update_dt, update_no, user_yn) VALUES (12, 'GLCLEKKDN', 'UFXJXFUIM', 'ZXRSLDWKU', '2018-03-13 17:33:52', '2018-03-13 17:33:52', 'M1', 'QUQ', 'HUU', 'S2', '2018-03-13 17:33:52', 298, null, 0, null);
INSERT INTO sampleDB.event_content (event_content_no, user_hash, title, event_desc, event_start, event_end, repeat_kind, path, tags, stat, create_dt, create_no, update_dt, update_no, user_yn) VALUES (13, 'GQNETKVMY', 'HLJHYVVMX', 'RKMGNFXNA', '2018-03-13 17:34:46', '2018-03-13 17:34:46', 'M1', 'FPG', 'IQU', 'S2', '2018-03-13 17:34:46', 1027, null, 0, null);
INSERT INTO sampleDB.event_content (event_content_no, user_hash, title, event_desc, event_start, event_end, repeat_kind, path, tags, stat, create_dt, create_no, update_dt, update_no, user_yn) VALUES (14, 'FLZKPJAUJ', 'QLJZSOCOB', 'CSJQQIDKB', '2018-03-13 17:36:15', '2018-03-13 17:36:15', 'M1', 'NJO', 'PQM', 'S2', '2018-03-13 17:36:15', 238, null, 0, null);
INSERT INTO sampleDB.event_content (event_content_no, user_hash, title, event_desc, event_start, event_end, repeat_kind, path, tags, stat, create_dt, create_no, update_dt, update_no, user_yn) VALUES (15, 'ULAZLBVBR', 'XVCAOHUJR', 'HWGVUKIQH', '2018-03-13 17:36:42', '2018-03-13 17:36:42', 'M1', 'RVX', 'WTZ', 'S2', '2018-03-13 17:36:42', 115, null, 0, null);
INSERT INTO sampleDB.event_content (event_content_no, user_hash, title, event_desc, event_start, event_end, repeat_kind, path, tags, stat, create_dt, create_no, update_dt, update_no, user_yn) VALUES (16, 'RIXJATEYS', 'NMADIRIXX', 'KTPUDYGYG', '2018-03-13 17:37:45', '2018-03-13 17:37:45', 'M1', 'HRF', 'BSY', 'S2', '2018-03-13 17:37:45', 1211, null, 0, null);
INSERT INTO sampleDB.event_content (event_content_no, user_hash, title, event_desc, event_start, event_end, repeat_kind, path, tags, stat, create_dt, create_no, update_dt, update_no, user_yn) VALUES (17, 'YFCZQELHW', 'RYNKNKASM', 'IZYNVMRAQ', '2018-03-13 17:38:54', '2018-03-13 17:38:54', 'M1', 'ROV', 'BIS', 'S2', '2018-03-13 17:38:54', 81, null, 0, null);
INSERT INTO sampleDB.event_content (event_content_no, user_hash, title, event_desc, event_start, event_end, repeat_kind, path, tags, stat, create_dt, create_no, update_dt, update_no, user_yn) VALUES (18, 'FDRPBORWM', 'SGJIXYVAR', 'AVAVHFUOT', '2018-03-13 17:39:59', '2018-03-13 17:39:59', 'M1', 'UUV', 'YCA', 'S2', '2018-03-13 17:39:59', 1147, null, 0, null);
INSERT INTO sampleDB.event_content (event_content_no, user_hash, title, event_desc, event_start, event_end, repeat_kind, path, tags, stat, create_dt, create_no, update_dt, update_no, user_yn) VALUES (19, 'PBPVUWWFB', 'BGAORHAFI', 'RXEBFBJQY', '2018-03-13 17:40:41', '2018-03-13 17:40:41', 'M1', 'FUG', 'REH', 'S2', '2018-03-13 17:40:41', 565, null, 0, null);
INSERT INTO sampleDB.event_content (event_content_no, user_hash, title, event_desc, event_start, event_end, repeat_kind, path, tags, stat, create_dt, create_no, update_dt, update_no, user_yn) VALUES (20, 'AVCHSZPMO', 'QFJULMSTO', 'MNWOMADIH', '2018-03-13 18:03:52', '2018-03-13 18:03:52', 'M1', 'TLD', 'IZX', 'S2', '2018-03-13 18:03:52', 124, null, 0, null);
INSERT INTO sampleDB.event_content (event_content_no, user_hash, title, event_desc, event_start, event_end, repeat_kind, path, tags, stat, create_dt, create_no, update_dt, update_no, user_yn) VALUES (21, 'ZEYAGYTVV', null, 'AXCHLSVLP', null, null, null, 'ZKK', 'NYL', 'S2', '2018-03-13 18:03:52', 632, null, 0, null);
INSERT INTO sampleDB.event_content (event_content_no, user_hash, title, event_desc, event_start, event_end, repeat_kind, path, tags, stat, create_dt, create_no, update_dt, update_no, user_yn) VALUES (22, 'TNFSPXRNT', 'CAAFSXNSG', 'KSGOVJINE', '2018-03-13 18:07:22', '2018-03-13 18:07:22', 'M1', 'BYF', 'DZZ', 'S2', '2018-03-13 18:07:22', 518, null, 0, null);
INSERT INTO sampleDB.event_content (event_content_no, user_hash, title, event_desc, event_start, event_end, repeat_kind, path, tags, stat, create_dt, create_no, update_dt, update_no, user_yn) VALUES (23, 'COBXSRAQZ', null, 'VAFWRDXTH', null, null, null, 'BEC', 'WEF', 'S2', '2018-03-13 18:07:22', 1207, null, 0, null);
INSERT INTO sampleDB.event_content (event_content_no, user_hash, title, event_desc, event_start, event_end, repeat_kind, path, tags, stat, create_dt, create_no, update_dt, update_no, user_yn) VALUES (24, 'RJMFYTCJN', null, 'JROZMTZIP', null, null, null, 'NDK', 'FTU', 'S0', '2018-03-13 18:10:53', 461, null, 0, null);
INSERT INTO sampleDB.event_content (event_content_no, user_hash, title, event_desc, event_start, event_end, repeat_kind, path, tags, stat, create_dt, create_no, update_dt, update_no, user_yn) VALUES (25, 'SFSKIEQEF', null, 'DUQFTQNGB', null, null, null, 'AGW', 'RDL', 'S0', '2018-03-13 18:12:30', 272, null, 0, null);
INSERT INTO sampleDB.event_location (event_location_no, event_content_no, longitude, latitude, address_dtls, address, stat, create_dt, create_no, update_dt, update_no, use_yn) VALUES (1, 3, 2.00000000, 1.00000000, 'SMYTGFBZI', 'UUNFDMAVA', 'S2', '2018-03-13 15:58:02', 10, null, 0, null);
INSERT INTO sampleDB.event_location (event_location_no, event_content_no, longitude, latitude, address_dtls, address, stat, create_dt, create_no, update_dt, update_no, use_yn) VALUES (2, 3, 4.00000000, 3.00000000, 'IZCMBSHTH', 'CASBKVWWO', 'S2', '2018-03-13 15:58:02', 739, null, 0, null);
INSERT INTO sampleDB.event_location (event_location_no, event_content_no, longitude, latitude, address_dtls, address, stat, create_dt, create_no, update_dt, update_no, use_yn) VALUES (3, 4, 2.00000000, 1.00000000, 'CTFAWKCNV', 'IHEHVSBYN', 'S2', '2018-03-13 15:58:42', 1130, null, 0, null);
INSERT INTO sampleDB.event_location (event_location_no, event_content_no, longitude, latitude, address_dtls, address, stat, create_dt, create_no, update_dt, update_no, use_yn) VALUES (4, 4, 4.00000000, 3.00000000, 'TMOUCUEGP', 'BDSUDGEUE', 'S2', '2018-03-13 15:58:42', 1234, null, 0, null);
INSERT INTO sampleDB.event_location (event_location_no, event_content_no, longitude, latitude, address_dtls, address, stat, create_dt, create_no, update_dt, update_no, use_yn) VALUES (5, 5, 2.00000000, 1.00000000, 'KXPPIHJHI', 'VIXEYIHRK', 'S2', '2018-03-13 15:59:40', 278, null, 0, null);
INSERT INTO sampleDB.event_location (event_location_no, event_content_no, longitude, latitude, address_dtls, address, stat, create_dt, create_no, update_dt, update_no, use_yn) VALUES (6, 5, 4.00000000, 3.00000000, 'ZVIHMGFTQ', 'SOKPTKGVQ', 'S2', '2018-03-13 15:59:40', 403, null, 0, null);
INSERT INTO sampleDB.event_location (event_location_no, event_content_no, longitude, latitude, address_dtls, address, stat, create_dt, create_no, update_dt, update_no, use_yn) VALUES (7, 6, 2.00000000, 1.00000000, 'DUZUKNHIA', 'CODOLGQHR', 'S2', '2018-03-13 16:00:01', 1269, null, 0, null);
INSERT INTO sampleDB.event_location (event_location_no, event_content_no, longitude, latitude, address_dtls, address, stat, create_dt, create_no, update_dt, update_no, use_yn) VALUES (8, 6, 4.00000000, 3.00000000, 'WAIRWJEVD', 'MMTXCQZMA', 'S2', '2018-03-13 16:00:01', 498, null, 0, null);
INSERT INTO sampleDB.event_location (event_location_no, event_content_no, longitude, latitude, address_dtls, address, stat, create_dt, create_no, update_dt, update_no, use_yn) VALUES (9, 7, 2.00000000, 1.00000000, 'PEDHYXKEJ', 'IHHIHZKIB', 'S2', '2018-03-13 16:00:24', 899, null, 0, null);
INSERT INTO sampleDB.event_location (event_location_no, event_content_no, longitude, latitude, address_dtls, address, stat, create_dt, create_no, update_dt, update_no, use_yn) VALUES (10, 7, 4.00000000, 3.00000000, 'GEQWONZJQ', 'TUABWDJQX', 'S2', '2018-03-13 16:00:24', 412, null, 0, null);
INSERT INTO sampleDB.event_location (event_location_no, event_content_no, longitude, latitude, address_dtls, address, stat, create_dt, create_no, update_dt, update_no, use_yn) VALUES (17, 11, 2.00000000, 1.00000000, 'ZSRYBLKOS', 'ZHGILPCHX', 'S2', '2018-03-13 17:33:01', 907, null, 0, null);
INSERT INTO sampleDB.event_location (event_location_no, event_content_no, longitude, latitude, address_dtls, address, stat, create_dt, create_no, update_dt, update_no, use_yn) VALUES (18, 11, 4.00000000, 3.00000000, 'LESERSYKM', 'FUTHSEUOG', 'S2', '2018-03-13 17:33:01', 1062, null, 0, null);
INSERT INTO sampleDB.event_location (event_location_no, event_content_no, longitude, latitude, address_dtls, address, stat, create_dt, create_no, update_dt, update_no, use_yn) VALUES (19, 12, 2.00000000, 1.00000000, 'IDOUJLIDT', 'QFDUFCEDO', 'S2', '2018-03-13 17:33:52', 192, null, 0, null);
INSERT INTO sampleDB.event_location (event_location_no, event_content_no, longitude, latitude, address_dtls, address, stat, create_dt, create_no, update_dt, update_no, use_yn) VALUES (20, 12, 4.00000000, 3.00000000, 'JAVPSVREZ', 'CZZAAHWPY', 'S2', '2018-03-13 17:33:52', 1046, null, 0, null);
INSERT INTO sampleDB.event_location (event_location_no, event_content_no, longitude, latitude, address_dtls, address, stat, create_dt, create_no, update_dt, update_no, use_yn) VALUES (21, 13, 2.00000000, 1.00000000, 'VVVGHCQAI', 'AHSLLBSMP', 'S2', '2018-03-13 17:34:46', 451, null, 0, null);
INSERT INTO sampleDB.event_location (event_location_no, event_content_no, longitude, latitude, address_dtls, address, stat, create_dt, create_no, update_dt, update_no, use_yn) VALUES (22, 13, 4.00000000, 3.00000000, 'QIWKNZTGR', 'YKSPICKUC', 'S2', '2018-03-13 17:34:46', 1068, null, 0, null);
INSERT INTO sampleDB.event_location (event_location_no, event_content_no, longitude, latitude, address_dtls, address, stat, create_dt, create_no, update_dt, update_no, use_yn) VALUES (23, 14, 2.00000000, 1.00000000, 'CGLWJMOAV', 'EGZWEPOSS', 'S2', '2018-03-13 17:36:15', 769, null, 0, null);
INSERT INTO sampleDB.event_location (event_location_no, event_content_no, longitude, latitude, address_dtls, address, stat, create_dt, create_no, update_dt, update_no, use_yn) VALUES (24, 14, 4.00000000, 3.00000000, 'ZGVSHIJDQ', 'SBZJCZMPD', 'S2', '2018-03-13 17:36:15', 231, null, 0, null);
INSERT INTO sampleDB.event_location (event_location_no, event_content_no, longitude, latitude, address_dtls, address, stat, create_dt, create_no, update_dt, update_no, use_yn) VALUES (25, 15, 2.00000000, 1.00000000, 'CDGXXYTDE', 'GBLXCRCQY', 'S2', '2018-03-13 17:36:42', 1295, null, 0, null);
INSERT INTO sampleDB.event_location (event_location_no, event_content_no, longitude, latitude, address_dtls, address, stat, create_dt, create_no, update_dt, update_no, use_yn) VALUES (26, 15, 4.00000000, 3.00000000, 'ZMBFRLROH', 'QZOAVHJWJ', 'S2', '2018-03-13 17:36:42', 700, null, 0, null);
INSERT INTO sampleDB.event_location (event_location_no, event_content_no, longitude, latitude, address_dtls, address, stat, create_dt, create_no, update_dt, update_no, use_yn) VALUES (27, 16, 2.00000000, 1.00000000, 'WEEACYMGW', 'AAFQXQDBC', 'S2', '2018-03-13 17:37:45', 1238, null, 0, null);
INSERT INTO sampleDB.event_location (event_location_no, event_content_no, longitude, latitude, address_dtls, address, stat, create_dt, create_no, update_dt, update_no, use_yn) VALUES (28, 16, 4.00000000, 3.00000000, 'TWHUIQTII', 'AFRDTNONV', 'S2', '2018-03-13 17:37:45', 753, null, 0, null);
INSERT INTO sampleDB.event_location (event_location_no, event_content_no, longitude, latitude, address_dtls, address, stat, create_dt, create_no, update_dt, update_no, use_yn) VALUES (29, 17, 2.00000000, 1.00000000, 'TZRLMTVTA', 'SELJXFZIB', 'S2', '2018-03-13 17:38:54', 941, null, 0, null);
INSERT INTO sampleDB.event_location (event_location_no, event_content_no, longitude, latitude, address_dtls, address, stat, create_dt, create_no, update_dt, update_no, use_yn) VALUES (30, 17, 4.00000000, 3.00000000, 'WKGPAJXSL', 'GPUSWKGEQ', 'S2', '2018-03-13 17:38:54', 12, null, 0, null);
INSERT INTO sampleDB.event_location (event_location_no, event_content_no, longitude, latitude, address_dtls, address, stat, create_dt, create_no, update_dt, update_no, use_yn) VALUES (31, 18, 2.00000000, 1.00000000, 'KRCJCRUFQ', 'SEXVAWGTZ', 'S2', '2018-03-13 17:39:59', 508, null, 0, null);
INSERT INTO sampleDB.event_location (event_location_no, event_content_no, longitude, latitude, address_dtls, address, stat, create_dt, create_no, update_dt, update_no, use_yn) VALUES (32, 18, 4.00000000, 3.00000000, 'LOKCOPPID', 'RZTAFQLKJ', 'S2', '2018-03-13 17:39:59', 401, null, 0, null);
INSERT INTO sampleDB.event_location (event_location_no, event_content_no, longitude, latitude, address_dtls, address, stat, create_dt, create_no, update_dt, update_no, use_yn) VALUES (33, 19, 2.00000000, 1.00000000, 'WUUSHGWWL', 'QIOFIAFQY', 'S2', '2018-03-13 17:40:41', 1087, null, 0, null);
INSERT INTO sampleDB.event_location (event_location_no, event_content_no, longitude, latitude, address_dtls, address, stat, create_dt, create_no, update_dt, update_no, use_yn) VALUES (34, 19, 4.00000000, 3.00000000, 'ATERKKRKJ', 'KRASUZAJG', 'S2', '2018-03-13 17:40:41', 91, null, 0, null);
INSERT INTO sampleDB.event_location (event_location_no, event_content_no, longitude, latitude, address_dtls, address, stat, create_dt, create_no, update_dt, update_no, use_yn) VALUES (35, 20, 2.00000000, 1.00000000, 'YRGHANMCK', 'RWRSDTAFO', 'S2', '2018-03-13 18:03:52', 759, null, 0, null);
INSERT INTO sampleDB.event_location (event_location_no, event_content_no, longitude, latitude, address_dtls, address, stat, create_dt, create_no, update_dt, update_no, use_yn) VALUES (36, 20, 4.00000000, 3.00000000, 'JOHLSSZIH', 'THMMRBZAW', 'S2', '2018-03-13 18:03:52', 145, null, 0, null);
INSERT INTO sampleDB.event_location (event_location_no, event_content_no, longitude, latitude, address_dtls, address, stat, create_dt, create_no, update_dt, update_no, use_yn) VALUES (37, 22, 2.00000000, 1.00000000, 'NIQMONUNL', 'UUKHWFNBB', null, '2018-03-13 18:07:22', 556, null, 0, 'Y');
INSERT INTO sampleDB.event_location (event_location_no, event_content_no, longitude, latitude, address_dtls, address, stat, create_dt, create_no, update_dt, update_no, use_yn) VALUES (38, 22, 4.00000000, 3.00000000, 'KKUSQEOGC', 'YYPZQKUAX', null, '2018-03-13 18:07:22', 670, null, 0, 'Y');
INSERT INTO sampleDB.user (user_no, user_id, user_nm, user_desc, create_no, create_dt, user_provider, user_photos, user_stat, user_hash) VALUES (29, '1439377842800612', 'Jaehoon Jang', null, 999, '2018-02-22 18:10:15', 'facebook', null, 'S1', '21474836471');
INSERT INTO sampleDB.user (user_no, user_id, user_nm, user_desc, create_no, create_dt, user_provider, user_photos, user_stat, user_hash) VALUES (30, '115485945540287657936', '장재훈', null, 999, '2018-02-22 18:10:33', 'google', 'https://lh5.googleusercontent.com/-l6AxNJNHOy4/AAAAAAAAAAI/AAAAAAAAIWg/WsSH3Ut8Mgg/photo.jpg?sz=50', 'S1', '21474836247');
INSERT INTO sampleDB.user (user_no, user_id, user_nm, user_desc, create_no, create_dt, user_provider, user_photos, user_stat, user_hash) VALUES (31, '37302261', '구루마블', null, 999, '2018-02-22 18:11:12', 'naver', 'https://ssl.pstatic.net/static/pwe/address/img_profile.png', 'S1', '21437483647');
INSERT INTO sampleDB.user (user_no, user_id, user_nm, user_desc, create_no, create_dt, user_provider, user_photos, user_stat, user_hash) VALUES (32, 'userId', 'RRB', 'BZZTCJZQDI', 434, '2018-03-08 16:04:12', 'userProvider', null, 'S9', 'KCK');
INSERT INTO sampleDB.user (user_no, user_id, user_nm, user_desc, create_no, create_dt, user_provider, user_photos, user_stat, user_hash) VALUES (33, 'userId', 'HCO', 'ZNPQUYAGSR', 112, '2018-03-09 10:45:14', 'userProvider', null, 'S1', '1074286626HEROQETVO');
INSERT INTO sampleDB.user (user_no, user_id, user_nm, user_desc, create_no, create_dt, user_provider, user_photos, user_stat, user_hash) VALUES (34, 'userId', 'KKC', 'XVYVIMVRZB', 695, '2018-03-13 17:52:53', 'userProvider', null, 'S9', 'STR');